"","location","total_t_wh","coal","gas","other","nuclear_t_wh","hydro","wind","solar","bio","other_2","year"
"1","World","31,746.92","10,491.47","6,903.64","823.92","2,813.09","4,433.08","2,711.33","2,778.23","702.83","89.33","2025"
"2","China","10,579.70","5,773.02","317.94","88.71","487.35","1,395.70","1,135.44","1,174.92","206.62","","2025"
"3","United States","4,519.79","737.15","1,807.34","31.72","784.78","241.70","464.39","388.82","46.19","17.70","2025"
"4","India","2,081.60","1,474.15","48.54","4.10","53.83","177.97","103.98","195.99","23.04","","2025"
"5","Russia","1,192.79","219.52","533.17","14.47","218.65","199.73","3.64","2.84","0.77","","2025"
"6","Japan","1,029.86","330.08","337.57","25.39","94.09","73.90","12.85","101.06","54.92","","2025"
"7","Brazil","750.53","17.19","54.85","12.65","15.87","388.63","117.58","88.64","55.12","","2025"
"8","Canada","652.43","26.05","116.61","7.61","85.32","344.74","51.48","10.17","10.45","","2025"
"9","South Korea","624.66","194.53","174.58","5.95","184.67","3.80","3.64","37.80","19.69","","2025"
"10","France","570.17","1.74","17.25","10.36","392.07","59.41","46.49","32.01","10.27","0.57","2025"
"11","Germany","500.47","103.15","82.67","18.91","","19.56","136.03","89.62","50.53","","2025"
"12","Saudi Arabia","454.64","","287.98","156.84","","","1.59","8.23","","","2024"
"13","Iran","395.78","0.73","354.39","18.10","7.35","13.03","1.25","0.90","0.03","","2025"
"14","Indonesia","371.54","228.43","68.78","7.12","","27.29","0.47","1.35","21.33","16.77","2024"
"15","Mexico","356.97","10.88","219.92","33.58","10.16","28.75","21.38","26.34","5.96","","2025"
"16","Turkey","353.86","121.40","78.36","1.03","","57.27","39.42","37.25","8.48","10.65","2025"
"17","Vietnam","309.99","149.24","19.34","0.62","","102.35","14.37","23.04","1.03","","2025"
"18","United Kingdom","292.31","0.33","90.91","12.77","36.38","5.55","85.84","19.32","41.21","","2025"
"19","Taiwan","288.39","104.55","140.66","4.63","3.25","5.51","12.01","15.68","2.10","","2025"
"20","Spain","287.89","0.92","62.06","10.03","54.07","32.74","58.76","62.90","6.41","","2025"
"21","Australia","286.34","122.35","47.05","6.36","","12.22","39.23","56.09","3.04","","2025"
"22","Italy","264.70","3.73","125.05","6.81","","41.70","21.48","44.63","15.61","5.69","2025"
"23","Egypt","245.71","","195.65","18.08","","15.07","9.30","7.61","","","2025"
"24","South Africa","242.76","197.50","","1.95","10.21","1.83","11.32","19.48","0.47","","2025"
"25","Malaysia","201.09","89.60","67.89","2.07","","35.24","","4.51","1.78","","2025"
"26","Thailand","188.24","33.56","123.34","0.14","","7.62","3.41","9.98","10.19","","2025"
"27","United Arab Emirates","177.26","","121.01","","40.63","","0.20","15.21","0.21","","2024"
"28","Pakistan","177.14","28.82","38.73","1.28","25.43","41.24","4.46","36.63","0.55","","2025"
"29","Poland","173.26","87.32","24.82","6.53","","1.70","24.62","19.55","8.48","0.24","2025"
"30","Sweden","170.71","","0.11","1.97","47.10","68.24","38.90","4.43","9.96","","2025"
"31","Norway","160.81","","0.90","0.71","","144.77","13.56","0.53","0.24","0.10","2025"
"32","Argentina","153.13","1.34","82.15","5.92","10.76","26.25","18.62","5.14","2.95","","2025"
"33","Iraq","149.73","","79.30","68.00","","2.00","","0.43","","","2024"
"34","Netherlands","134.96","9.55","47.09","5.23","3.99","0.05","33.70","28.50","6.85","","2025"
"35","Kazakhstan","123.69","67.12","36.37","1.82","","10.51","5.83","2.04","","","2025"
"36","Philippines","123.12","72.23","21.25","0.94","","12.70","1.46","3.00","1.45","10.09","2025"
"37","Ukraine","111.51","23.32","7.18","0.53","62.18","11.02","1.42","5.08","0.78","","2022"
"38","Bangladesh","103.40","22.24","66.48","12.47","","0.65","","1.56","","","2025"
"39","Algeria","96.36","","95.00","0.33","","0.02","0.02","0.99","","","2024"
"40","Kuwait","92.49","","57.35","33.07","","","1.86","0.21","","","2025"
"41","Colombia","90.36","5.53","12.43","2.80","","62.50","0.15","4.60","2.35","","2025"
"42","Chile","88.50","15.72","13.54","0.50","","19.68","11.58","22.18","5.03","0.27","2025"
"43","Uzbekistan","86.70","5.70","62.70","1.50","","6.30","4.00","6.50","","","2025"
"44","Finland","82.30","0.16","0.95","1.90","32.82","12.44","22.58","0.98","10.34","0.13","2025"
"45","Israel","82.10","2.80","65.40","","","","0.46","13.28","0.16","","2025"
"46","Venezuela","80.13","","3.60","3.50","","73.00","0.02","0.01","","","2024"
"47","Czech Republic","75.50","26.60","4.08","0.16","31.94","1.71","0.57","4.39","6.05","","2025"
"48","Austria","73.22","","8.74","3.27","","37.93","8.31","10.31","4.66","","2025"
"49","Belgium","72.89","","15.70","4.70","24.11","0.44","13.72","10.45","3.77","","2025"
"50","Switzerland","65.02","","0.27","1.23","19.42","33.99","0.14","7.89","1.04","1.04","2025"
"51","Peru","60.44","0.01","21.83","0.13","","33.88","2.11","1.83","0.65","","2025"
"52","Singapore","60.15","0.57","54.81","1.47","","","","1.64","1.66","","2025"
"53","Greece","58.27","2.74","22.39","4.18","","3.42","11.91","12.92","0.71","","2025"
"54","Qatar","56.18","","53.90","","","","","2.15","0.13","","2025"
"55","Oman","52.84","","48.54","1.90","","","0.10","2.30","","","2025"
"56","Laos","52.31","12.18","","","","40.00","","0.09","0.04","","2024"
"57","Portugal","51.13","","8.39","1.35","","15.18","13.67","8.86","3.48","0.20","2025"
"58","Romania","49.81","7.56","8.44","0.18","10.20","12.09","5.97","4.88","0.49","","2025"
"59","Belarus","45.79","0.02","25.27","1.90","16.97","0.69","0.35","0.13","0.46","","2025"
"60","Paraguay","45.35","","","","","45.11","","","0.24","","2025"
"61","Morocco","44.15","27.52","4.78","1.57","","0.92","6.74","2.58","0.04","","2025"
"62","New Zealand","43.34","0.49","3.84","0.64","","23.77","4.22","0.37","0.57","9.44","2025"
"63","Nigeria","41.54","","28.53","","","12.82","","0.13","0.06","","2025"
"64","Hungary","40.24","1.38","8.15","0.40","16.10","0.23","0.60","10.98","2.39","0.01","2025"
"65","Serbia","39.299","24.503","2.51","0.11","","9.833","2.05","0.16","0.41","","2025[2]"
"66","Bulgaria","37.96","8.55","1.85","0.26","14.85","2.53","1.32","6.89","1.71","","2025"
"67","Bahrain","37.95","","37.85","","","","","0.10","","","2024"
"68","Hong Kong","37.44","12.60","24.00","0.45","","","","0.23","0.16","","2024"
"69","Ecuador","36.60","","0.98","6.56","","28.51","0.19","0.04","0.32","","2025"
"70","Libya","34.59","","25.78","8.80","","","","0.01","","","2024"
"71","Ethiopia","33.37","","","","","32.19","1.10","0.04","0.01","0.03","2025"
"72","Denmark","33.30","0.89","0.81","1.24","","0.02","19.21","4.45","6.68","","2025"
"73","Turkmenistan","33.01","","33.00","","","0.01","","","","","2024"
"74","Ireland","30.97","0.16","14.97","0.92","","0.65","11.76","1.49","1.02","","2025"
"75","Slovakia","29.10","0.31","3.28","0.73","19.33","3.16","","0.70","1.58","0.01","2025"
"76","Azerbaijan","27.46","","24.65","0.08","","2.54","0.09","","0.10","","2025"
"77","North Korea","27.10","9.23","","0.70","","17.00","","0.17","","","2024"
"78","Syria","24.88","","13.00","11.00","","0.75","","0.10","0.03","","2024"
"79","Ghana","24.27","","14.91","0.57","","8.60","","0.17","0.02","","2024"
"80","Tajikistan","24.01","1.15","0.26","","","22.60","","","","","2025"
"81","Jordan","23.67","","14.67","3.30","","0.02","1.75","3.93","","","2024"
"82","Dominican Republic","22.68","6.59","6.07","4.62","","1.53","1.42","2.25","0.20","","2025"
"83","Tunisia","22.31","","21.18","0.23","","0.01","0.33","0.56","","","2025"
"84","Myanmar","21.71","1.20","10.00","0.12","","10.00","","0.12","0.27","","2024"
"85","Mozambique","19.79","","3.13","0.15","","16.30","","0.08","0.13","","2024"
"86","Zambia","19.72","2.13","","0.34","","17.00","","0.17","0.08","","2024"
"87","Puerto Rico","19.58","3.06","5.75","9.57","","0.01","0.23","0.95","0.01","","2025"
"88","Cuba","19.43","","2.65","16.00","","0.12","0.07","0.24","0.35","","2024"
"89","Iceland","19.05","","","","","13.46","0.01","0.01","","5.57","2024"
"90","Cambodia","17.76","10.05","","0.45","","5.31","","1.89","0.06","","2025"
"91","Sri Lanka","17.25","4.75","","1.87","","6.59","0.93","2.84","0.23","0.04","2025"
"92","DR Congo","15.92","","","","","13.40","","2.51","0.01","","2024"
"93","Guatemala","15.79","2.50","","2.50","","6.30","0.37","0.28","3.50","0.34","2024"
"94","Kyrgyzstan","15.70","1.95","0.28","0.10","","13.37","","","","","2025"
"95","Angola","15.59","","1.40","2.70","","11.00","","0.44","0.05","","2024"
"96","Slovenia","14.84","2.18","0.95","","5.83","4.04","0.01","1.54","0.29","","2025"
"97","Sudan","14.77","","","3.00","","11.50","","0.16","0.11","","2024"
"98","Croatia","14.70","0.73","2.76","","","5.77","3.15","1.29","1.00","","2025"
"99","Bosnia and Herzegovina","14.44","8.00","","0.15","","5.29","0.37","0.59","0.04","","2025"
"100","Kenya","14.04","","","1.40","","2.94","2.30","0.65","0.30","6.45","2025"
"101","Bolivia","13.63","","8.51","0.20","","3.80","0.28","0.40","0.44","","2025"
"102","Georgia","13.50","","2.75","","","10.64","0.08","0.03","","","2025"
"103","Panama","13.43","0.50","2.80","1.00","","7.13","0.96","0.99","0.05","","2024"
"104","Costa Rica","12.81","","","","","9.58","1.55","0.09","0.06","1.53","2025"
"105","Honduras","12.48","0.06","","5.50","","3.80","0.75","1.18","0.84","0.35","2024"
"106","Uruguay","11.94","","","0.26","","3.25","4.85","0.61","2.97","","2025"
"107","Nepal","11.13","","","","","11.00","0.01","0.12","","","2024"
"108","Bhutan","11.00","","","","","11.00","","","","","2024"
"109","Ivory Coast","10.79","","7.65","0.02","","3.00","","0.02","0.10","","2024"
"110","Zimbabwe","10.26","4.40","","","","5.70","","0.04","0.12","","2024"
"111","Mongolia","9.69","8.31","","0.57","","0.06","0.54","0.21","","","2025"
"112","Trinidad and Tobago","9.55","","9.50","0.04","","","","0.01","","","2024"
"113","Lithuania","8.89","","1.47","0.52","","0.35","3.99","1.67","0.89","","2025"
"114","Tanzania","8.84","","5.55","0.38","","2.80","","0.04","0.07","","2024"
"115","Armenia","8.67","","3.31","","2.68","1.93","","0.75","","","2025"
"116","Albania","8.34","","","","","8.00","","0.34","","","2024"
"117","Senegal","7.63","0.10","0.02","6.00","","0.31","0.41","0.68","0.11","","2024"
"118","Cameroon","7.26","","1.60","0.35","","5.23","","0.04","0.04","","2024"
"119","North Macedonia","6.82","2.09","1.34","0.17","","1.36","0.20","1.62","0.04","","2025"
"120","El Salvador","6.46","","","0.87","","1.96","0.20","1.31","0.78","1.34","2025"
"121","Latvia","6.27","","1.64","0.05","","2.93","0.22","0.82","0.61","","2025"
"122","Moldova","6.16","","5.25","0.22","","0.35","0.16","0.16","0.02","","2025"
"123","Estonia","6.11","","0.08","2.39","","0.03","1.15","1.13","1.33","","2025"
"124","Mali","5.96","","","4.80","","0.92","","0.17","0.07","","2024"
"125","Cyprus","5.91","","","4.27","","","0.21","1.37","0.06","","2025"
"126","Uganda","5.81","","","0.17","","5.00","","0.17","0.47","","2024"
"127","Brunei","5.56","1.10","4.40","0.05","","","","0.01","","","2024"
"128","Congo","5.46","","4.03","0.29","","1.10","","0.01","0.03","","2024"
"129","Lebanon","5.34","","","3.00","","0.70","0.01","1.60","0.03","","2024"
"130","Kosovo","5.33","4.73","","0.01","","0.23","0.35","0.01","","","2025"
"131","Yemen","5.25","","0.06","4.60","","","","0.59","","","2024"
"132","Jamaica","4.92","","2.80","1.50","","0.12","0.29","0.15","0.06","","2024"
"133","Papua New Guinea","4.73","","0.91","2.70","","1.00","","0.01","0.01","0.10","2024"
"134","Nicaragua","4.52","","","1.70","","0.65","0.56","0.03","0.89","0.69","2024"
"135","Guinea","4.03","","","1.00","","3.00","","0.03","","","2024"
"136","Botswana","3.43","3.37","","0.05","","","","0.01","","","2024"
"137","Mauritius","3.41","1.34","","1.46","","0.11","0.01","0.17","0.32","","2024"
"138","New Caledonia","3.12","1.14","","1.14","","0.54","0.04","0.26","","","2024"
"139","Réunion","3.07","0.40","","0.93","","0.39","0.02","0.29","1.04","","2023"
"140","Gabon","2.60","","1.15","0.53","","0.91","","","0.01","","2024"
"141","Montenegro","2.46","0.60","","","","1.44","0.28","0.14","","","2025"
"142","Madagascar","2.43","0.50","","0.90","","0.90","","0.10","0.03","","2024"
"143","Bahamas","2.25","","","2.23","","","","0.02","","","2024"
"144","Malta","2.19","","1.82","0.02","","","","0.34","0.01","","2025"
"145","Mauritania","2.07","","","1.60","","0.21","0.10","0.16","","","2024"
"146","Guam","1.86","","","1.70","","","","0.16","","","2024"
"147","Malawi","1.83","","","0.08","","1.69","","0.01","0.05","","2024"
"148","Suriname","1.74","","0.02","0.80","","0.90","","0.01","0.01","","2024"
"149","Burkina Faso","1.69","","","1.40","","0.09","","0.11","0.09","","2024"
"150","Guadeloupe","1.67","0.22","","0.86","","0.01","0.10","0.11","0.26","0.11","2023"
"151","Namibia","1.64","0.04","","","","1.00","0.02","0.58","","","2024"
"152","Luxembourg","1.54","","0.06","0.07","","0.05","0.47","0.47","0.42","","2025"
"153","Martinique","1.51","","","1.12","","","0.03","0.11","0.24","0.01","2023"
"154","Equatorial Guinea","1.49","","1.08","0.01","","0.40","","","","","2024"
"155","Guyana","1.38","","0.01","1.33","","","","0.02","0.02","","2024"
"156","Fiji","1.15","","","0.42","","0.60","","0.01","0.12","","2024"
"157","Rwanda","1.13","0.17","0.30","0.10","","0.52","","0.04","","","2024"
"158","Barbados","1.11","","0.03","0.98","","","","0.10","","","2024"
"159","Benin","1.01","","0.73","0.24","","","","0.04","","","2024"
"160","Aruba","1.00","","","0.83","","","0.14","0.03","","","2024"
"161","Afghanistan","0.99","0.03","","0.10","","0.75","","0.11","","","2024"
"162","Palestine","0.99","","","0.60","","","","0.39","","","2024"
"163","French Guiana","0.98","","","0.34","","0.52","","0.06","0.06","","2023"
"164","Niger","0.95","0.17","0.05","0.70","","","","0.03","","","2024"
"165","Haiti","0.86","","","0.70","","0.16","","","","","2024"
"166","Maldives","0.85","","","0.79","","","","0.06","","","2024"
"167","Macau","0.78","","0.49","0.05","","","","","0.24","","2024"
"168","French Polynesia","0.72","","","0.47","","0.19","","0.06","","","2024"
"169","Cayman Islands","0.71","","","0.68","","","","0.03","","","2024"
"170","Togo","0.71","","0.50","","","0.08","","0.13","","","2024"
"171","U.S. Virgin Islands","0.68","","","0.66","","","","0.02","","","2023"
"172","Seychelles","0.63","","","0.53","","","0.01","0.09","","","2024"
"173","Bermuda","0.61","","","0.60","","","","","0.01","","2024"
"174","Eswatini","0.61","0.02","","","","0.35","","0.03","0.21","","2024"
"175","Greenland","0.60","","","0.10","","0.47","","","0.03","","2024"
"176","Liberia","0.57","","","0.26","","0.30","","0.01","","","2024"
"177","South Sudan","0.56","","","0.55","","","","0.01","","","2024"
"178","Cape Verde","0.52","","","0.36","","","0.08","0.08","","","2024"
"179","Gambia","0.51","","","0.51","","","","","","","2024"
"180","Timor-Leste","0.51","","","0.51","","","","","","","2024"
"181","Burundi","0.49","","","0.12","","0.36","","","0.01","","2024"
"182","Faroe Islands","0.49","","","0.26","","0.13","0.09","","0.01","","2023"
"183","Belize","0.47","","","0.06","","0.24","","0.01","0.16","","2024"
"184","Eritrea","0.45","","","0.40","","","","0.05","","","2024"
"185","Somalia","0.43","","","0.34","","","0.01","0.08","","","2024"
"186","Saint Lucia","0.40","","","0.39","","","","0.01","","","2024"
"187","Antigua and Barbuda","0.37","","","0.34","","","","0.03","","","2024"
"188","Chad","0.37","","","0.35","","","0.01","","0.01","","2024"
"189","Turks and Caicos Islands","0.27","","","0.26","","","","0.01","","","2024"
"190","Grenada","0.24","","","0.24","","","","","","","2024"
"191","Saint Kitts and Nevis","0.23","","","0.21","","","0.01","0.01","","","2024"
"192","Gibraltar","0.22","","0.18","0.04","","","","","","","2024"
"193","Sierra Leone","0.21","","","0.01","","0.18","","0.02","","","2024"
"194","Djibouti","0.20","","","0.13","","","0.07","","","","2024"
"195","American Samoa","0.18","","","0.17","","","","0.01","","","2024"
"196","British Virgin Islands","0.17","","","0.17","","","","","","","2023"
"197","Samoa","0.16","","","0.09","","0.03","","0.03","0.01","","2024"
"198","Dominica","0.15","","","0.13","","0.02","","","","","2023"
"199","Saint Vincent and the Grenadines","0.15","","","0.13","","0.02","","","","","2024"
"200","Central African Republic","0.14","","","","","0.14","","","","","2023"
"201","Comoros","0.14","","","0.14","","","","","","","2023"
"202","Solomon Islands","0.11","","","0.10","","","","0.01","","","2024"
"203","São Tomé and Príncipe","0.09","","","0.08","","0.01","","","","","2023"
"204","Western Sahara","0.09","","","0.09","","","","","","","2009"
"205","Guinea-Bissau","0.08","","","0.08","","","","","","","2024"
"206","Vanuatu","0.08","","","0.06","","0.01","","0.01","","","2023"
"207","Tonga","0.07","","","0.06","","","","0.01","","","2024"
"208","Nauru","0.05","","","0.04","","","","0.01","","","2024"
"209","Saint Pierre and Miquelon","0.05","","","0.05","","","","","","","2023"
"210","Cook Islands","0.04","","","0.02","","","","0.02","","","2024"
"211","Kiribati","0.04","","","0.03","","","","0.01","","","2024"
"212","Falkland Islands","0.01","","","0.01","","","","","","","2023"
"213","Montserrat","0.01","","","0.01","","","","","","","2024"
"214","Saint Helena, Ascension and Tristan da Cunha","0.01","","","0.01","","","","","","","2023"
"215","Lesotho","0.00","","","","","","","","","","2024"
"216","Niue","0.00","","","","","","","","","","2023"
