Country Name,Country Code,Series Name,Series Code,2007 [YR2007],2008 [YR2008],2009 [YR2009],2010 [YR2010],2011 [YR2011],2012 [YR2012],2013 [YR2013],2014 [YR2014],2015 [YR2015],2016 [YR2016]
United States,USA,"Wage and salaried workers, total (% of total employment) (modeled ILO estimate)",SL.EMP.WORK.ZS,89.34999847,89.56900024,89.44300079,89.37999725,89.64600372,89.7009964,89.91200256,90.06500244,90.05799866,90.13999939
United States,USA,"Wage and salaried workers, male (% of male employment) (modeled ILO estimate)",SL.EMP.WORK.MA.ZS,86.92700195,87.06099701,86.88800049,86.83599854,87.23699951,87.45999908,87.77999878,87.90499878,87.85399628,87.92199707
United States,USA,"Wage and salaried workers, female (% of female employment) (modeled ILO estimate)",SL.EMP.WORK.FE.ZS,92.21099854,92.49700165,92.35099792,92.28500366,92.43599701,92.3259964,92.41000366,92.59999847,92.65599823,92.75499725
United States,USA,"Vulnerable employment, male (% of male employment) (modeled ILO estimate)",SL.EMP.VULN.MA.ZS,8.001999766,7.880999982,7.969000109,7.922000051,7.592000138,7.395999879,7.136000097,7.038999915,7.125000171,7.112999871
United States,USA,"Vulnerable employment, total (% of total employment) (modeled ILO estimate)",SL.EMP.VULN.ZS,6.964999959,6.773000158,6.84100005,6.787000097,6.585999779,6.531000026,6.3809999,6.237000078,6.238000035,6.186999813
United States,USA,"Vulnerable employment, female (% of female employment) (modeled ILO estimate)",SL.EMP.VULN.FE.ZS,5.740999907,5.480000205,5.557000078,5.490999967,5.421000205,5.517000079,5.497000135,5.295000039,5.194000125,5.095000081
World,WLD,"Wage and salaried workers, total (% of total employment) (modeled ILO estimate)",SL.EMP.WORK.ZS,50.9105194,51.49319234,51.81359935,52.40033036,53.12850121,53.6026375,53.79816833,54.11877406,54.38874069,54.50602149
World,WLD,"Wage and salaried workers, male (% of male employment) (modeled ILO estimate)",SL.EMP.WORK.MA.ZS,50.22584846,50.64061284,50.88421644,51.42441251,52.01789322,52.5309894,52.72734894,53.07272864,53.43790751,53.61883228
World,WLD,"Wage and salaried workers, female (% of female employment) (modeled ILO estimate)",SL.EMP.WORK.FE.ZS,51.96097467,52.80659774,53.2491692,53.91677705,54.85867524,55.27456145,55.46837495,55.74850699,55.87098313,55.8855106
World,WLD,"Vulnerable employment, male (% of male employment) (modeled ILO estimate)",SL.EMP.VULN.MA.ZS,45.92739006,45.41656912,45.22669844,44.66299387,43.77639024,43.23283302,43.01932084,42.77418443,42.47491069,42.33415537
World,WLD,"Vulnerable employment, total (% of total employment) (modeled ILO estimate)",SL.EMP.VULN.ZS,46.12537514,45.46479794,45.21765844,44.59759892,43.65953851,43.14660711,42.91499258,42.69008179,42.45823349,42.35987414
World,WLD,"Vulnerable employment, female (% of female employment) (modeled ILO estimate)",SL.EMP.VULN.FE.ZS,46.42930633,45.53874401,45.20367412,44.49699322,43.47784195,43.01258475,42.75230173,42.55855743,42.43274631,42.39932903
Arab World,ARB,"Wage and salaried workers, total (% of total employment) (modeled ILO estimate)",SL.EMP.WORK.ZS,62.48826642,63.74894548,64.2429813,65.28779829,64.86836259,65.96907838,65.81986433,65.95752545,66.55579438,68.18406642
Arab World,ARB,"Wage and salaried workers, male (% of male employment) (modeled ILO estimate)",SL.EMP.WORK.MA.ZS,63.90584845,65.10167077,65.62706982,66.54549213,66.08237594,66.9686625,67.06309198,67.28250416,67.91261086,69.13250889
Arab World,ARB,"Wage and salaried workers, female (% of female employment) (modeled ILO estimate)",SL.EMP.WORK.FE.ZS,56.47650723,57.98132137,58.15097877,59.68167168,59.47604766,61.53560882,60.36955561,60.11176703,60.58611404,63.99847537
Arab World,ARB,"Vulnerable employment, male (% of male employment) (modeled ILO estimate)",SL.EMP.VULN.MA.ZS,28.44202499,27.12137776,26.76644535,26.07702577,25.86088135,25.14242315,25.87792461,25.31343584,25.148895,24.49411171
Arab World,ARB,"Vulnerable employment, total (% of total employment) (modeled ILO estimate)",SL.EMP.VULN.ZS,30.95972528,29.55057997,29.18420092,28.37737526,28.13157404,27.25485062,28.10859452,27.66186967,27.49306202,26.32260431
Arab World,ARB,"Vulnerable employment, female (% of female employment) (modeled ILO estimate)",SL.EMP.VULN.FE.ZS,41.6390458,39.91148663,39.82820579,38.63313652,38.22236021,36.63063087,37.89413405,38.02279023,37.81151331,34.39345934
Brazil,BRA,"Wage and salaried workers, total (% of total employment) (modeled ILO estimate)",SL.EMP.WORK.ZS,67.77700043,68.90499878,69.2519989,70.5739975,70.8730011,70.0019989,69.73899841,69.85299683,68.55699921,68.11499786
Brazil,BRA,"Wage and salaried workers, male (% of male employment) (modeled ILO estimate)",SL.EMP.WORK.MA.ZS,64.91699982,66.19799805,66.31999969,67.00700378,67.22699738,66.16999817,65.8010025,65.65699768,64.02200317,63.49000168
Brazil,BRA,"Wage and salaried workers, female (% of female employment) (modeled ILO estimate)",SL.EMP.WORK.FE.ZS,71.82499695,72.70800018,73.3690033,75.63200378,76.10500336,75.40499878,75.28199768,75.6969986,74.81700134,74.49700165
Brazil,BRA,"Vulnerable employment, male (% of male employment) (modeled ILO estimate)",SL.EMP.VULN.MA.ZS,30.13799906,27.96699977,27.96600008,28.80699921,28.40599918,28.80700028,29.0710007,29.199,30.49200022,31.11600018
Brazil,BRA,"Vulnerable employment, total (% of total employment) (modeled ILO estimate)",SL.EMP.VULN.ZS,28.28000021,26.39100075,26.23499918,25.98399997,25.56200051,25.97900009,26.10899997,25.99499941,27.02899909,27.48899961
Brazil,BRA,"Vulnerable employment, female (% of female employment) (modeled ILO estimate)",SL.EMP.VULN.FE.ZS,25.65200043,24.17299938,23.80500078,21.97900057,21.48300028,21.99100065,21.9380002,21.53000069,22.25000095,22.48300076
Canada,CAN,"Wage and salaried workers, total (% of total employment) (modeled ILO estimate)",SL.EMP.WORK.ZS,84.46099854,84.37799835,83.85700226,84.14700317,84.49500275,84.60099792,84.52700043,84.65499878,84.58799744,84.64499664
Canada,CAN,"Wage and salaried workers, male (% of male employment) (modeled ILO estimate)",SL.EMP.WORK.MA.ZS,80.83999634,80.66200256,79.99700165,80.27200317,80.91300201,81.08899689,81.21600342,81.38400269,81.48400116,81.39800262
Canada,CAN,"Wage and salaried workers, female (% of female employment) (modeled ILO estimate)",SL.EMP.WORK.FE.ZS,88.53700256,88.56099701,88.08599854,88.42299652,88.48100281,88.49199677,88.18199921,88.27999878,88.04100037,88.23000336
Canada,CAN,"Vulnerable employment, male (% of male employment) (modeled ILO estimate)",SL.EMP.VULN.MA.ZS,12.07499969,12.16899953,12.72199974,12.57199962,12.33299968,12.26699976,12.13000038,12.14399973,11.91699999,12.19199981
Canada,CAN,"Vulnerable employment, total (% of total employment) (modeled ILO estimate)",SL.EMP.VULN.ZS,10.44299999,10.48500007,11.01499972,10.81400036,10.62700014,10.66600008,10.72699971,10.69999959,10.65200031,10.74399969
Canada,CAN,"Vulnerable employment, female (% of female employment) (modeled ILO estimate)",SL.EMP.VULN.FE.ZS,8.606999993,8.590000048,9.145999864,8.874000266,8.728999957,8.892999798,9.177999705,9.099000394,9.242999777,9.146999687
China,CHN,"Wage and salaried workers, total (% of total employment) (modeled ILO estimate)",SL.EMP.WORK.ZS,55.75899887,57.51300049,58.40499878,59.77099991,61,61.78099823,62.36500168,62.94400024,63.21300125,63.6230011
China,CHN,"Wage and salaried workers, male (% of male employment) (modeled ILO estimate)",SL.EMP.WORK.MA.ZS,56.20399857,57.61199951,58.45199966,59.74100113,60.83399963,61.5320015,62.1269989,62.70199966,63.02299881,63.46500015
China,CHN,"Wage and salaried workers, female (% of female employment) (modeled ILO estimate)",SL.EMP.WORK.FE.ZS,55.20399857,57.38999939,58.34600067,59.80899811,61.20899963,62.09500122,62.66600037,63.25099945,63.45500183,63.82500076
China,CHN,"Vulnerable employment, male (% of male employment) (modeled ILO estimate)",SL.EMP.VULN.MA.ZS,39.78399801,38.00500059,37.16400003,35.50299978,34.08599949,33.35100079,32.80800056,32.2329998,32.21200085,31.85099983
China,CHN,"Vulnerable employment, total (% of total employment) (modeled ILO estimate)",SL.EMP.VULN.ZS,41.49799919,39.46799946,38.56000042,36.90400028,35.42399883,34.60099983,34.03900051,33.44699955,33.38399887,33.02200031
China,CHN,"Vulnerable employment, female (% of female employment) (modeled ILO estimate)",SL.EMP.VULN.FE.ZS,43.62899971,41.29400063,40.30999947,38.67200089,37.11199951,36.18000031,35.59400082,34.98300076,34.86999989,34.51099968
India,IND,"Wage and salaried workers, total (% of total employment) (modeled ILO estimate)",SL.EMP.WORK.ZS,15.22200012,15.35599995,15.7840004,16.62400055,19.02099991,19.26000023,19.65099907,19.99300003,20.43899918,20.91900063
India,IND,"Wage and salaried workers, male (% of male employment) (modeled ILO estimate)",SL.EMP.WORK.MA.ZS,16.58099937,16.65500069,17.11599922,17.97400093,19.78199959,20.02499962,20.45899963,20.85499954,21.34900093,21.85899925
India,IND,"Wage and salaried workers, female (% of female employment) (modeled ILO estimate)",SL.EMP.WORK.FE.ZS,11.63700008,11.7869997,11.93500042,12.53199959,16.6590004,16.83099937,17.10000038,17.29100037,17.61100006,18.02599907
India,IND,"Vulnerable employment, male (% of male employment) (modeled ILO estimate)",SL.EMP.VULN.MA.ZS,82.04300022,81.99200249,81.5229969,80.59100246,78.36500263,78.13899899,77.69100189,77.30499649,76.80400372,76.27200317
India,IND,"Vulnerable employment, total (% of total employment) (modeled ILO estimate)",SL.EMP.VULN.ZS,83.65099907,83.53000069,83.08299828,82.16700363,79.46000004,79.22800064,78.82399845,78.49299717,78.03999805,77.54300404
India,IND,"Vulnerable employment, female (% of female employment) (modeled ILO estimate)",SL.EMP.VULN.FE.ZS,87.89200211,87.75699997,87.5909996,86.94300079,82.86000061,82.68900108,82.40399933,82.20999908,81.88300133,81.45300102
Iraq,IRQ,"Wage and salaried workers, total (% of total employment) (modeled ILO estimate)",SL.EMP.WORK.ZS,56.44599915,57.02999878,57.29999924,57.68500137,58.04399872,58.88800049,59.01499939,58.86199951,59.50899887,60.36700058
Iraq,IRQ,"Wage and salaried workers, male (% of male employment) (modeled ILO estimate)",SL.EMP.WORK.MA.ZS,57.72299957,58.28099823,58.57400131,58.93500137,59.29600143,60.08300018,60.29299927,60.20800018,60.78499985,61.57600021
Iraq,IRQ,"Wage and salaried workers, female (% of female employment) (modeled ILO estimate)",SL.EMP.WORK.FE.ZS,50.88100052,51.77099991,51.86500168,52.30699921,52.625,53.74499893,53.5530014,53.06999969,54.02799988,55.24300003
Iraq,IRQ,"Vulnerable employment, male (% of male employment) (modeled ILO estimate)",SL.EMP.VULN.MA.ZS,36.33100033,36.4119997,35.66599941,35.56499958,35.27200031,35.13000011,34.28600121,33.58199978,33.53800011,33.43799973
Iraq,IRQ,"Vulnerable employment, total (% of total employment) (modeled ILO estimate)",SL.EMP.VULN.ZS,38.33099937,38.36400032,37.6609993,37.5170002,37.22199917,36.97200108,36.26799965,35.68699932,35.52999878,35.31299877
Iraq,IRQ,"Vulnerable employment, female (% of female employment) (modeled ILO estimate)",SL.EMP.VULN.FE.ZS,47.04900074,46.57000065,46.17199993,45.91899872,45.66300106,44.89800072,44.74199963,44.74000072,44.08799934,43.25800037
,,,,,,,,,,,,,
,,,,,,,,,,,,,
,,,,,,,,,,,,,
Data from database: Jobs,,,,,,,,,,,,,
Last Updated: 07/01/2025,,,,,,,,,,,,,