Pair,State,Player Name,USCF ID,Pre-Rating,Post-Rating,Total Pts,Norm,Results_Round_1,Opponet_Round_1,Player_Color_Round_1,Results_Round_2,Opponet_Round_2,Player_Color_Round_2,Results_Round_3,Opponet_Round_3,Player_Color_Round_3,Results_Round_4,Opponet_Round_4,Player_Color_Round_4,Results_Round_5,Opponet_Round_5,Player_Color_Round_5,Results_Round_6,Opponet_Round_6,Player_Color_Round_6,Results_Round_7,Opponet_Round_7,Player_Color_Round_7
1,ON,GARY HUA,15445895,1794,1817,6,N:2,W,39,W,W,21,B,W,18,W,W,14,B,W,7,W,D,12,B,D,4,W
2,MI,DAKSHESH DARURI,14598900,1553,1663,6,N:2,W,63,B,W,58,W,L,4,B,W,17,W,W,16,B,W,20,W,W,7,B
3,MI,ADITYA BAJAJ,14959604,1384,1640,6,N:2,L,8,W,W,61,B,W,25,W,W,21,B,W,11,W,W,13,B,W,12,W
4,MI,PATRICK H SCHILLING,12616049,1716,1744,5.5,N:2,W,23,W,D,28,B,W,2,W,W,26,B,D,5,W,W,19,B,D,1,B
5,MI,HANSHI ZUO,14601533,1655,1690,5.5,N:2,W,45,B,W,37,W,D,12,B,D,13,W,D,4,B,W,14,W,W,17,B
6,OH,HANSEN SONG,15055204,1686,1687,5,N:3,W,34,W,D,29,B,L,11,W,W,35,B,D,10,B,W,27,W,W,21,B
7,MI,GARY DEE SWATHELL,11146376,1649,1673,5,N:3,W,57,W,W,46,B,W,13,W,W,11,B,L,1,B,W,9,W,L,2,W
8,MI,EZEKIEL HOUGHTON,15142253,1641P17,1657P24,5,N:3,W,3,B,W,32,W,L,14,B,L,9,W,W,47,B,W,28,W,W,19,W
9,ON,STEFANO LEE,14954524,1411,1564,5,N:2,W,25,W,L,18,B,W,59,W,W,8,B,W,26,W,L,7,B,W,20,B
10,MI,ANVIT RAO,14150362,1365,1544,5,N:3,D,16,W,L,19,W,W,55,B,W,31,B,D,6,W,W,25,B,W,18,W
11,MI,CAMERON WILLIAM MC LEMAN,12581589,1712,1696,4.5,N:3,D,38,B,W,56,W,W,6,B,L,7,W,L,3,B,W,34,W,W,26,B
12,MI,KENNETH J TACK,12681257,1663,1670,4.5,N:3,W,42,W,W,33,B,D,5,W,W,38,B,H,,,D,1,W,L,3,B
13,MI,TORRANCE HENRY JR,15082995,1666,1662,4.5,N:3,W,36,B,W,27,W,L,7,B,D,5,B,W,33,W,L,3,W,W,32,B
14,MI,BRADLEY SHAW,10131499,1610,1618,4.5,N:3,W,54,W,W,44,B,W,8,W,L,1,W,D,27,B,L,5,B,W,31,W
15,MI,ZACHARY JAMES HOUGHTON,15619130,1220P13,1416P20,4.5,N:3,D,19,B,L,16,B,W,30,W,L,22,W,W,54,B,L,33,B,W,38,W
16,MI,MIKE NIKITIN,10295068,1604,1613,4,N:3,D,10,B,W,15,W,H,,,W,39,B,L,2,W,W,36,B,U,,
17,MI,RONALD GRZEGORCZYK,10297702,1629,1610,4,N:3,W,48,W,W,41,B,L,26,W,L,2,B,W,23,W,W,22,B,L,5,W
18,MI,DAVID SUNDEEN,11342094,1600,1600,4,N:3,W,47,B,W,9,W,L,1,B,W,32,W,L,19,B,W,38,W,L,10,B
19,MI,DIPANKAR ROY,14862333,1564,1570,4,N:3,D,15,W,W,10,B,W,52,W,D,28,B,W,18,W,L,4,W,L,8,B
20,MI,JASON ZHENG,14529060,1595,1569,4,N:4,L,40,W,W,49,B,W,23,W,W,41,B,W,28,W,L,2,B,L,9,W
21,ON,DINH DANG BUI,15495066,1563P22,1562,4,N:3,W,43,B,L,1,W,W,47,B,L,3,W,W,40,W,W,39,B,L,6,W
22,MI,EUGENE L MCCLURE,12405534,1555,1529,4,N:4,W,64,W,D,52,B,L,28,W,W,15,B,H,,,L,17,W,W,40,B
23,ON,ALAN BUI,15030142,1363,1371,4,,L,4,B,W,43,W,L,20,B,W,58,W,L,17,B,W,37,W,W,46,B
24,MI,MICHAEL R ALDRICH,13469010,1229,1300,4,N:4,L,28,B,L,47,W,W,43,B,L,25,B,W,60,W,W,44,W,W,39,B
25,MI,LOREN SCHWIEBERT,12486656,1745,1681,3.5,N:4,L,9,B,W,53,W,L,3,B,W,24,W,D,34,B,L,10,W,W,47,B
26,ON,MAX ZHU,15131520,1579,1564,3.5,N:4,W,49,B,W,40,W,W,17,B,L,4,W,L,9,B,D,32,W,L,11,W
27,MI,GAURAV GIDWANI,14476567,1552,1539,3.5,N:4,W,51,W,L,13,B,W,46,W,W,37,B,D,14,W,L,6,B,U,,
28,MI,SOFIA ADINA STANESCU-BELLU,14882954,1507,1513,3.5,N:3,W,24,W,D,4,W,W,22,B,D,19,W,L,20,B,L,8,B,D,36,W
29,MI,CHIEDOZIE OKORIE,15323285,1602P6,1508P12,3.5,N:4,W,50,B,D,6,W,L,38,B,L,34,W,W,52,W,W,48,B,U,,
30,ON,GEORGE AVERY JONES,12577178,1522,1444,3.5,,L,52,W,D,64,B,L,15,B,W,55,W,L,31,W,W,61,B,W,50,B
31,MI,RISHI SHETTY,15131618,1494,1444,3.5,,L,58,B,D,55,W,W,64,B,L,10,W,W,30,B,W,50,W,L,14,B
32,ON,JOSHUA PHILIP MATHEWS,14073750,1441,1433,3.5,N:4,W,61,W,L,8,B,W,44,W,L,18,B,W,51,W,D,26,B,L,13,W
33,MI,JADE GE,14691842,1449,1421,3.5,,W,60,B,L,12,W,W,50,B,D,36,W,L,13,B,L,15,W,W,51,B
34,MI,MICHAEL JEFFERY THOMAS,15051807,1399,1400,3.5,,L,6,B,W,60,W,L,37,B,W,29,B,D,25,W,L,11,B,W,52,W
35,MI,JOSHUA DAVID LEE,14601397,1438,1392,3.5,,L,46,W,L,38,W,W,56,B,L,6,W,W,57,B,D,52,B,W,48,W
36,MI,SIDDHARTH JHA,14773163,1355,1367,3.5,N:4,L,13,W,W,57,B,W,51,W,D,33,B,H,,,L,16,W,D,28,B
37,MI,AMIYATOSH PWNANANDAM,15489571,980P12,1077P17,3.5,,B,,,L,5,B,W,34,W,L,27,W,H,,,L,23,B,W,61,W
38,MI,BRIAN LIU,15108523,1423,1439,3,N:4,D,11,W,W,35,B,W,29,W,L,12,W,H,,,L,18,B,L,15,B
39,MI,JOEL R HENDON,12923035,1436P23,1413,3,N:4,L,1,B,W,54,W,W,40,B,L,16,W,W,44,B,L,21,W,L,24,W
40,MI,FOREST ZHANG,14892710,1348,1346,3,,W,20,B,L,26,B,L,39,W,W,59,W,L,21,B,W,56,W,L,22,W
41,MI,KYLE WILLIAM MURPHY,15761443,1403P5,1341P9,3,,W,59,B,L,17,W,W,58,B,L,20,W,X,,,U,,,U,,
42,MI,JARED GE,14462326,1332,1256,3,,L,12,B,L,50,W,L,57,B,L,60,B,D,61,W,W,64,W,W,56,B
43,MI,ROBERT GLEN VASEY,14101068,1283,1244,3,,L,21,W,L,23,B,L,24,W,W,63,W,W,59,B,L,46,B,W,55,W
44,MI,JUSTIN D SCHILLING,15323504,1199,1199,3,,B,,,L,14,W,L,32,B,L,53,B,L,39,W,L,24,B,W,59,W
45,MI,DEREK YAN,15372807,1242,1191,3,,L,5,W,L,51,B,D,60,W,L,56,B,W,63,W,D,55,B,W,58,W
46,MI,JACOB ALEXANDER LAVALLEY,15490981,377P3,1076P10,3,,W,35,B,L,7,W,L,27,B,L,50,W,W,64,B,W,43,W,L,23,W
47,MI,ERIC WRIGHT,12533115,1362,1341,2.5,,L,18,W,W,24,B,L,21,W,W,61,B,L,8,W,D,51,B,L,25,W
48,MI,DANIEL KHAIN,14369165,1382,1335,2.5,,L,17,B,W,63,W,H,,,D,52,B,H,,,L,29,W,L,35,B
49,MI,MICHAEL J MARTIN,12531685,1291P12,1259P17,2.5,,L,26,W,L,20,W,D,63,B,D,64,W,W,58,B,H,,,U,,
50,MI,SHIVAM JHA,14773178,1056,1111,2.5,,L,29,W,W,42,B,L,33,W,W,46,B,H,,,L,31,B,L,30,W
51,MI,TEJAS AYYAGARI,15205474,1011,1097,2.5,,L,27,B,W,45,W,L,36,B,W,57,W,L,32,B,W,47,W,L,33,W
52,MI,ETHAN GUO,14918803,935,1092,2.5,N:4,W,30,B,D,22,W,L,19,B,D,48,W,L,29,B,D,35,W,L,34,B
53,MI,JOSE C YBARRA,12578849,1393,1359,2,,H,,,L,25,B,H,,,L,44,W,U,,,W,57,W,U,,
54,MI,LARRY HODGE,12836773,1270,1200,2,,L,14,B,L,39,B,L,61,W,B,,,L,15,W,L,59,B,W,64,W
55,MI,ALEX KONG,15412571,1186,1163,2,,L,62,W,D,31,B,L,10,W,L,30,B,B,,,D,45,W,L,43,B
56,MI,MARISA RICCI,14679887,1153,1140,2,,H,,,L,11,B,L,35,W,W,45,W,H,,,L,40,B,L,42,W
57,MI,MICHAEL LU,15113330,1092,1079,2,,L,7,B,L,36,W,W,42,W,L,51,B,L,35,W,L,53,B,B,,
58,MI,VIRAJ MOHILE,14700365,917,941,2,,W,31,W,L,2,B,L,41,W,L,23,B,L,49,W,B,,,L,45,B
59,MI,SEAN M MC CORMICK,12841036,853,878,2,,L,41,W,B,,,L,9,B,L,40,B,L,43,W,W,54,W,L,44,B
60,MI,JULIA SHEN,14579262,967,984,1.5,,L,33,W,L,34,B,D,45,B,D,42,W,L,24,B,H,,,U,,
61,ON,JEZZEL FARKAS,15771592,955P11,979P18,1.5,,L,32,B,L,3,W,W,54,B,L,47,W,D,42,B,L,30,W,L,37,B
62,MI,ASHWIN BALAJI,15219542,1530,1535,1,,W,55,B,U,,,U,,,U,,,U,,,U,,,U,,
63,MI,THOMAS JOSEPH HOSMER,15057092,1175,1125,1,,L,2,W,L,48,B,D,49,W,L,43,B,L,45,B,H,,,U,,
64,MI,BEN LI,15006561,1163,1112,1,,L,22,B,D,30,W,L,31,W,D,49,B,L,46,W,L,42,B,L,54,B